Workbook

Sheet 入力シート
A1: #remain_setting | B1: ☆下記に必要事項を入力（水色のセル）
C3: 基本状況入力欄
B4: PJコード
B5: 物件名
B6: 施主名
B7: 引渡日
B8: 住所
B9: 連絡先①
B10: 連絡先②
B12: 受付日
B13: 受付者
B15: 指示内容欄
B16: № | C16: 指示内容入力欄
B17: ①

Sheet 作業報告書　兼　完了報告書
A1: #remain_setting | U1: タカマツビルド 株式会社
U2: アフターメンテナンス課
U3: TEL：03-6271-6209 FAX：03-6271-6219
B5: PJコード | D5: =IF(入力シート!C4="","",入力シート!C4) | M5: 引渡日 | O5: =IF(入力シート!C7="","",入力シート!C7)
B6: 物件名 | D6: =IF(入力シート!C5="","",入力シート!C5)
B7: 施主名 | D7: =IF(入力シート!C6="","",入力シート!C6)
B8: 住所 | D8: =IF(入力シート!C8="","",入力シート!C8)
B9: 連絡先① | D9: =IF(入力シート!C9="","",入力シート!C9) | M9: 連絡先② | O9: =IF(入力シート!C10="","",入力シート!C10)
B11: 立会 | D11: FALSE | E11: 施主 | G11: FALSE | H11: 施主ご家族 | K11: FALSE | L11: その他（ ）
B12: 受付項目 | D12: FALSE | E12: 点検 | G12: FALSE | H12: アフター | K12: FALSE | L12: 有償工事 | N12: FALSE | O12: 直収対応 | Q12: FALSE | R12: 無償対応
B13: 受付日 | D13: =IF(入力シート!C12="","",入力シート!C12) | K13: 受付者 | M13: =IF(入力シート!C13="","",入力シート!C13)
B15: 指示内容
B16: =IF(入力シート!B17="","",入力シート!B17) -> ① | C16: =IF(入力シート!C17="","",入力シート!C17)
B17: =IF(入力シート!B18="","",入力シート!B18) | C17: =IF(入力シート!C18="","",入力シート!C18)
B18: =IF(入力シート!B19="","",入力シート!B19) | C18: =IF(入力シート!C19="","",入力シート!C19)
B19: =IF(入力シート!B20="","",入力シート!B20) | C19: =IF(入力シート!C20="","",入力シート!C20)
B20: =IF(入力シート!B21="","",入力シート!B21) | C20: =IF(入力シート!C21="","",入力シート!C21)
B22: 作業内容・是正内容 | T22: 完了ﾁｪｯｸ
B23: =IF(入力シート!B17="","",入力シート!B17) -> ① | T23: FALSE
B24: =IF(入力シート!B18="","",入力シート!B18) | T24: FALSE
B25: =IF(入力シート!B19="","",入力シート!B19) | T25: FALSE
B26: =IF(入力シート!B20="","",入力シート!B20) | T26: FALSE
B27: =IF(入力シート!B21="","",入力シート!B21) | T27: FALSE
B29: 会社名： | M29: 作業者：
B31: ◎上記作業内容もしくは是正工事が完了したことを確認しました。
P32: 年 | R32: 月 | U32: 年 月 日
U33: お客様ご署名 印

Sheet 別紙
A1: （別 紙） | B1: 2/2
A2: 物件名：
A3: 施主名：
A4: 1年目点検是正項目
A5: 項 目 | B5: チェック欄
A7: 対応結果：
A9: 対応結果：
A11: 対応結果：
A13: 対応結果：
A15: 対応結果：
A17: 対応結果：
A19: 対応結果：
A21: 対応結果：
A23: 対応結果：
A25: 対応結果：
